UNIPROT_ID	logFC	AveExpr	t	P.Value	adj.P.Val	B	organ	time_relationship	SYMBOL
P48643	0.02171475271633861	21.918509611292723	4.033556709133148	4.0623896529829346e-4	0.00841035323206665	-1.3488426639888056	kidney	pseudo-enriched	CCT5
Q99879	0.023002240999472134	24.33317480398648	3.852420810635741	6.549280004031104e-4	0.011225036465925443	-1.8175605697790758	kidney	pseudo-enriched	H2BC14
O75369	0.018921797664116797	22.541574590939774	3.8411792036202113	6.745422216801699e-4	0.011283742284265883	-1.8464536905920115	kidney	pseudo-enriched	FLNB
Q6NYC8	-0.010828177621659179	20.96843793128147	-3.815440813025955	7.216454368893542e-4	0.011607389296427998	-1.9125133194067674	kidney	decreased	PPP1R18
Q9NX14	-0.02043042728498397	21.513947185720426	-3.804521636326146	7.425890225861513e-4	0.011778747432803403	-1.9404984959308855	kidney	decreased	NDUFB11
O00468	0.014036017789913736	22.42466458641254	3.8033401698466753	7.448905422260618e-4	0.011778747432803403	-1.9435250837316165	kidney	pseudo-enriched	AGRN
Q8TCT9	0.014016406933305118	22.32145635950657	3.7982779376520273	7.548312558563635e-4	0.011778747432803403	-1.9564899146248056	kidney	pseudo-enriched	HM13
Q7Z434	-0.017574127086369795	23.13284362938353	-3.786272783630932	7.789282912376921e-4	0.01203868834738498	-1.9872153426087618	kidney	decreased	MAVS
O75534	0.010537071768454037	21.97589231170694	3.7805955288867183	7.905846739704758e-4	0.01203868834738498	-2.0017351514447084	kidney	pseudo-enriched	CSDE1
P35579	0.01224975031645844	24.08662850668818	3.7791248407332545	7.936320024406596e-4	0.01203868834738498	-2.005495411607301	kidney	pseudo-enriched	MYH9
Q13813	0.012599871789706925	22.981717366187098	3.7781386298306656	7.956819131919845e-4	0.01203868834738498	-2.008016708202449	kidney	pseudo-enriched	SPTAN1
Q5T1M5	-0.022390186630712024	20.827383398941997	-3.7186121614645904	9.294941269127449e-4	0.013221579723636391	-2.1598190108625692	kidney	decreased	FKBP15
Q96JE9	-0.01142540848984601	21.060959933766235	-3.7126685717611205	9.440054635200413e-4	0.013337266379867612	-2.1749342138488794	kidney	decreased	MAP6
P54727	-0.023059722818094167	21.6428424623584	-3.708874517922919	9.533842389476785e-4	0.01337937210496373	-2.1845788422285874	kidney	decreased	RAD23B
P82909	-0.022804980289316504	23.62332093316244	-3.6892175545016572	0.0010034526476459438	0.01388207336143984	-2.234496360105812	kidney	decreased	MRPS36
Q9NQT8	-0.014596967129359211	22.089615356328355	-3.668702679281925	0.0010584439319895338	0.01408165056832504	-2.286499652553198	kidney	decreased	KIF13B
O43143	-0.014947430456059195	23.456375042508178	-3.6566466505185415	0.0010921220024550336	0.014184019298965685	-2.3170156134024698	kidney	decreased	DHX15
P10515	0.024619081715543036	20.820980740988695	3.645180786588835	0.0011251204755904146	0.01434264798925801	-2.3460064766277213	kidney	pseudo-enriched	DLAT
Q9GZV4	-0.021584806348703287	18.74180364510357	-3.6291879998019287	0.0011727766959195585	0.014684287851304172	-2.3863918874290517	kidney	decreased	EIF5A2
P05023	-0.020170641659313617	23.338991697275123	-3.6217177961731872	0.0011957058616773597	0.01482533701832213	-2.4052350530479893	kidney	decreased	ATP1A1
P18206	0.02137328354491413	23.100185985796845	3.6047232223215553	0.0012495092182567007	0.015316011639558074	-2.4480529867583556	kidney	pseudo-enriched	VCL
P84098	-0.014863986148028665	22.226230554058315	-3.6037906635272536	0.001252528928916514	0.015316011639558074	-2.4504005521252488	kidney	decreased	RPL19
P98172	-0.01858543229851007	19.561879127378525	-3.589465613775928	0.0012998179663954018	0.015530967815615915	-2.486434848833709	kidney	decreased	EFNB1
Q13541	-0.017851162490919555	20.35672627375059	-3.582236536527973	0.0013243379010884333	0.015659028542160974	-2.504600254561616	kidney	decreased	EIF4EBP1
Q14061	-0.03201182141205874	23.758341071077375	-3.578519983301266	0.0013371185963351965	0.015659028542160974	-2.513934264779233	kidney	decreased	COX17
P51610	-0.020690357661244187	19.524162559134197	-3.5775451536828795	0.0013404907264690648	0.015659028542160974	-2.516381951384955	kidney	decreased	HCFC1
Q9HD34	-0.012390270532742194	21.251512952985273	-3.5690042484974045	0.0013703916106276976	0.015744444273750085	-2.537817057613598	kidney	decreased	LYRM4
O95218	-0.009787611609502636	22.204348050756483	-3.560093524376249	0.0014022789184029633	0.015935680534677154	-2.560160796684075	kidney	decreased	ZRANB2
P55327	-0.013701990799342562	23.3944294419806	-3.5558589516957624	0.0014176844285944219	0.01602170723202921	-2.5707720098928313	kidney	decreased	TPD52
Q8NFQ8	-0.011255740353073413	22.146931862167712	-3.5313251051595405	0.0015102324378344055	0.016362155582962393	-2.6321601668923806	kidney	decreased	TOR1AIP2
Q13885	0.01998319777426396	23.054122485586255	3.527715492647286	0.001524335266586335	0.016406244796562483	-2.6411789962104786	kidney	pseudo-enriched	TUBB2A
Q9BTT0	0.01798650740954215	20.248544393107668	3.5241516674876423	0.0015383847503239504	0.016406244796562483	-2.6500801019330407	kidney	pseudo-enriched	ANP32E
Q96FW1	0.01886622544745044	20.305597227382034	3.522980812580876	0.0015430279574979563	0.016406244796562483	-2.6530037388008845	kidney	pseudo-enriched	OTUB1
Q13492	-0.01615079978684978	21.06175240242915	-3.5203445180435704	0.0015535325058437933	0.016406244796562483	-2.6595852839449243	kidney	decreased	PICALM
P14317	-0.017178787413691846	23.41464039417247	-3.5135880659528946	0.0015807724545723796	0.01661002614327058	-2.6764445525311693	kidney	decreased	HCLS1
P46108	0.021911545827449162	21.299685325975286	3.5078453431337553	0.0016042897171421784	0.016726517862526376	-2.6907648437960017	kidney	pseudo-enriched	CRK
Q07065	0.016097361495903188	22.31668087533655	3.506981265083486	0.001607857527674702	0.016726517862526376	-2.692918791398653	kidney	pseudo-enriched	CKAP4
Q15637	-0.016811953881707135	20.36045933114851	-3.4951653511293403	0.0016574259306803454	0.017156819906201003	-2.7223532746582793	kidney	decreased	SF1
P14406	-0.016028985325145736	21.835034026388715	-3.475273014109235	0.0017442458609792236	0.01787852007503704	-2.771822428021025	kidney	decreased	COX7A2
Q8NFJ5	-0.008730858270993474	20.192350738124734	-3.470979707449266	0.0017635548968635128	0.017946432366268847	-2.7824851794467262	kidney	decreased	GPRC5A
Q8N4Q1	-0.024242523081520476	22.279504428203293	-3.4442554174179625	0.0018884923876960212	0.018671970096522567	-2.8487433440140455	kidney	decreased	CHCHD4
Q9H008	-0.01477858916858374	20.871680694316005	-3.4387086139850234	0.0019154788656202714	0.018716197700990596	-2.8624708808396244	kidney	decreased	LHPP
O43175	0.010435837983363984	21.87054575041467	3.4168481710596503	0.0020255196143162684	0.01969935587690845	-2.916488134158274	kidney	pseudo-enriched	PHGDH
Q16595	-0.01617207609827444	21.942573606878806	-3.4144101380294383	0.0020381651263687425	0.01973057073720852	-2.9225041337133453	kidney	decreased	FXN
Q14978	0.02203399008481257	23.24439210354767	3.407167132373628	0.0020761854418141212	0.019936076848553416	-2.940366688332099	kidney	pseudo-enriched	NOLC1
O60506	0.014341410763865046	21.251881874292973	3.4067374605316574	0.0020784623400213506	0.019936076848553416	-2.941425864161248	kidney	pseudo-enriched	SYNCRIP
O00515	-0.01683689661317716	22.09735888465403	-3.400776942686647	0.0021102984850605864	0.02007836910448924	-2.956113546955705	kidney	decreased	LAD1
Q15404	0.014481279101909236	19.40559868693232	3.3990842687049168	0.002119425061153527	0.02007836910448924	-2.9602827038868105	kidney	pseudo-enriched	RSU1
Q13561	-0.013023179331502701	20.820239398662732	-3.398588744890419	0.0021221040516939847	0.02007836910448924	-2.961503052030263	kidney	decreased	DCTN2
Q96T17	-0.011143248514357154	20.52253616137557	-3.381399282257498	0.0022170921766196646	0.020651596614903713	-3.0037921743285088	kidney	decreased	MAP7D2
Q16836	-0.015040638953781254	21.890183753316062	-3.3787538465523475	0.002232071178846599	0.020651596614903713	-3.0102927583826213	kidney	decreased	HADH
Q92499	0.012341461306236905	20.583350689319715	3.3588185842737768	0.0023481386053197635	0.021534902735629937	-3.059212963189184	kidney	pseudo-enriched	DDX1
P78371	0.01137491179717236	20.733964054397624	3.3531449398847153	0.00238222431567048	0.02165752627855206	-3.073114238738401	kidney	pseudo-enriched	CCT2
O60664	-0.011710156709700104	21.930723509834728	-3.3473435412150025	0.0024175716750727545	0.02188373321461961	-3.0873185608541416	kidney	decreased	PLIN3
P61956	-0.021456186183800158	25.572627119653802	-3.345198407563175	0.0024307696405523986	0.021908359131013213	-3.092568209631862	kidney	decreased	SUMO2
O43488	0.010403473245237294	21.71674062878237	3.337378399811943	0.002479474125831605	0.022251418013364315	-3.111693855029568	kidney	pseudo-enriched	AKR7A2
P02671	-0.025641425045006994	24.05992542423894	-3.3228927188171964	0.002572194430222255	0.022984865613652712	-3.1470728784818673	kidney	decreased	FGA
Q14315	0.023759039844886545	22.140557399238027	3.317113173175234	0.002610114683168425	0.023221212316573016	-3.161170602056157	kidney	pseudo-enriched	FLNC
Q16134	0.014593075892998988	22.024358010547658	3.313820407832906	0.0026319595021653775	0.023221212316573016	-3.169197863233242	kidney	pseudo-enriched	ETFDH
Q4KMQ1	0.02188743191118166	20.630219173416044	3.306254547743615	0.002682823101112306	0.023410565943419462	-3.1876295809876476	kidney	pseudo-enriched	TPRN
A0A0B4J2D5	-0.01766649597391948	23.375694575670103	-3.305638078884372	0.002687009003548862	0.023410565943419462	-3.189130621672968	kidney	decreased	NA
Q9Y6R1	-0.016938580496414453	21.72432788611746	-3.299832433184232	0.0027267402987468385	0.023627758555673395	-3.203260993973859	kidney	decreased	SLC4A4
P23588	-0.014856912447926987	22.451607601240593	-3.298702690149014	0.0027345373364289632	0.023627758555673395	-3.206009456404529	kidney	decreased	EIF4B
Q14789	0.012709684780905159	19.623487337409877	3.282607013859813	0.002847985143588385	0.024207873720501275	-3.245123882165492	kidney	pseudo-enriched	GOLGB1
P50440	-0.011965945454636289	22.434932784509108	-3.269088956841089	0.0029467568581123594	0.02441385778611438	-3.2779111260806744	kidney	decreased	GATM
Q99878	0.024952109381710524	27.683366854688167	3.2670598228198426	0.002961864944822543	0.02441385778611438	-3.282827645143003	kidney	pseudo-enriched	H2AC14
Q5T0N5	-0.009130643040783851	21.702030219871	-3.2617964947938263	0.003001401986167256	0.02446496464527534	-3.295574354793847	kidney	decreased	FNBP1L
P36543	0.015599678276146483	23.490289634470383	3.2610655754673687	0.0030069325269420195	0.02446496464527534	-3.2973437897692675	kidney	pseudo-enriched	ATP6V1E1
Q9UEY8	-0.01496172220769631	22.655621126670308	-3.2463274230517887	0.0031205655719947576	0.025162602789144554	-3.3329856552088977	kidney	decreased	ADD3
Q9NX40	-0.015421408497659782	22.297510446651465	-3.2452822649720057	0.003128778921653555	0.025162602789144554	-3.3355105316265448	kidney	decreased	OCIAD1
Q5SSJ5	0.01680495798921778	22.43337329720424	3.2431525761566533	0.00314557945243041	0.025200791705103396	-3.340654300496664	kidney	pseudo-enriched	HP1BP3
Q9Y2W2	-0.00943238466676651	21.73945554309023	-3.241184358914193	0.0031611833279191703	0.025229138697248032	-3.3454067586616354	kidney	decreased	WBP11
P05362	-0.010517772709921108	22.221049141376923	-3.2282316239283717	0.0032657444639959503	0.025961860442998416	-3.376650827877018	kidney	decreased	ICAM1
Q03154	-0.015165265068268449	22.284245414328705	-3.22612500496373	0.0032830616027871248	0.025961860442998416	-3.3817271192904963	kidney	decreased	ACY1
Q695T7	-0.025088323172096163	21.247735387518862	-3.2252548199527533	0.0032902405630772743	0.025961860442998416	-3.3838235652880657	kidney	decreased	SLC6A19
P30046	-0.017988600569278455	21.489629683567593	-3.2119713776170005	0.003401719210677382	0.026541025632561215	-3.415794852195857	kidney	decreased	DDT
P51149	-0.013810490772772974	21.044840243738346	-3.2058636943401244	0.0034541865541551486	0.026750755869401538	-3.430475440257146	kidney	decreased	RAB7A
Q13522	-0.01937747335056756	22.41766190753423	-3.2009132355821306	0.0034972824759777798	0.0269845670009946	-3.442365330686064	kidney	decreased	PPP1R1A
A5YM69	-0.00887619287537812	20.662450792549084	-3.1967046548128666	0.0035343257376459734	0.027137294864631015	-3.4524669211299663	kidney	decreased	ARHGEF35
P24821	0.018449220699601896	22.08210432281173	3.1888810487338866	0.0036041914643925124	0.02750497938702461	-3.471229548675608	kidney	pseudo-enriched	TNC
Q14257	0.00942083741665411	19.65804381445763	3.184306017496349	0.003645659393747085	0.027667923013874676	-3.4821918135574776	kidney	pseudo-enriched	RCN2
O60841	-0.01147816100143415	21.131086804425834	-3.180597105795245	0.003679612570745158	0.027715361527175474	-3.491073539090599	kidney	decreased	EIF5B
P01903	-0.01894599476224454	21.569296416339213	-3.171862620383845	0.0037607752153583653	0.02818559489359979	-3.5119714423329835	kidney	decreased	HLA-DRA
P61088	0.01358353268620495	21.75107052651618	3.1659217047168684	0.0038169578078503783	0.02820232783114891	-3.526170571547439	kidney	pseudo-enriched	UBE2N
P28289	0.015501769010419462	19.804495397130687	3.1636892368750735	0.0038382773858246758	0.02825999300619506	-3.531503155839493	kidney	pseudo-enriched	TMOD1
O43707	0.01611466162349713	22.57876001541896	3.16070428246695	0.003866961524766678	0.028371286134340784	-3.5386304783442686	kidney	pseudo-enriched	ACTN4
P05141	-0.010092146509011616	18.73742347392469	-3.1551505379538387	0.003920878510461968	0.02866628309572019	-3.5518832188442477	kidney	decreased	SLC25A5
Q96T51	0.007590857755805982	19.17786255849249	3.15359960339088	0.00393606359494619	0.02867703476317938	-3.5555822573671962	kidney	pseudo-enriched	RUFY1
P35611	-0.01626458443228029	23.645387218699717	-3.143835003803344	0.004032970590869174	0.02917972839275932	-3.578851953366426	kidney	decreased	ADD1
P17813	-0.016100228827471568	20.543190637625024	-3.140236372358688	0.004069257807531585	0.02934075198465015	-3.5874193259260654	kidney	decreased	ENG
Q9P270	-0.017913213047618132	20.80737630496669	-3.124203220108692	0.004234765295743917	0.030320437582042805	-3.625534528848795	kidney	decreased	SLAIN2
P43686	0.012769076789828183	20.86100548467855	3.122865762558376	0.004248859179354127	0.030320437582042805	-3.6287099219131846	kidney	pseudo-enriched	PSMC4
Q6YN16	0.01111007037589194	21.29733356832693	3.1215156621769373	0.00426313182645652	0.030320437582042805	-3.6319146867666117	kidney	pseudo-enriched	HSDL2
P30044	-0.016115984153331625	21.404003669417257	-3.118142240866017	0.004298994973971367	0.03047185929008179	-3.63991942000845	kidney	decreased	PRDX5
O75367	0.03136369421544697	19.908915274551582	3.1098916035299187	0.004387928959964702	0.030918050120329447	-3.6594800946735644	kidney	pseudo-enriched	MACROH2A1
P15144	-0.030074427551571737	22.890270497390393	-3.109562150831777	0.004391516444637898	0.030918050120329447	-3.660260657649638	kidney	decreased	ANPEP
P55287	0.016946548730666994	19.544518173784443	3.105062328225994	0.004440797798290241	0.031069274955683183	-3.67091805825292	kidney	pseudo-enriched	CDH11
Q56P03	-0.007004957359804191	25.159285087223378	-3.104888405016666	0.004442713157221077	0.031069274955683183	-3.6713298326513204	kidney	decreased	EAPP
Q06710	-0.008659993979225258	20.17558561412679	-3.0870020869239716	0.004643964241918634	0.03236843076617288	-3.713618463676661	kidney	decreased	PAX8
Q9UJU6	-0.01162695253944413	22.372830274553223	-3.077298575305537	0.004756761442975116	0.03292517103023934	-3.7365117850302445	kidney	decreased	DBNL
Q96AP7	-0.010785919788786047	21.05489202184428	-3.07660224453348	0.004764955725623734	0.03292517103023934	-3.738153299884047	kidney	decreased	ESAM
P06702	0.013872340374477436	22.369778102461133	3.0760826238860326	0.004771079302803692	0.03292517103023934	-3.7393781262012578	kidney	pseudo-enriched	S100A9
P24844	0.01266013292830343	24.252714165052033	3.0704629404414807	0.00483778770586865	0.03325319926622848	-3.7526182474772813	kidney	pseudo-enriched	MYL9
Q6IAN0	0.01394482805552592	19.874392447185617	3.069407202378241	0.004850418831276751	0.03325319926622848	-3.7551042962177323	kidney	pseudo-enriched	DHRS7B
Q7Z739	-0.01347001947816378	21.005748564844787	-3.059257527840837	0.004973469625515308	0.033985375774354606	-3.7789836941596366	kidney	decreased	YTHDF3
P42166	-0.013483581433531922	23.343305478696873	-3.0472991033051002	0.005122273372389683	0.03477491435606113	-3.8070694507697898	kidney	decreased	TMPO
O75368	-0.015367220006174683	23.66169638287989	-3.0459168988750185	0.005139744079629193	0.03478059828642279	-3.8103122739406805	kidney	decreased	SH3BGRL
Q9Y5K6	-0.015502359158485128	21.427916640195992	-3.0421168038214867	0.005188069747041987	0.03494206424360634	-3.8192240746292185	kidney	decreased	CD2AP
P22392	0.01699545271963448	23.038169104775907	3.0414162151570183	0.005197026293525381	0.03494206424360634	-3.8208664693171395	kidney	pseudo-enriched	NME2
P22392	0.01699545271963448	23.038169104775907	3.0414162151570183	0.005197026293525381	0.03494206424360634	-3.8208664693171395	kidney	pseudo-enriched	NME1-NME2
P22307	-0.016634707960141208	24.09175497528241	-3.0367688130759514	0.00525681458099166	0.0351782711558827	-3.8317567269749233	kidney	decreased	SCP2
P07942	0.011694846083911227	23.154985953827214	3.03439612698837	0.005287591259939979	0.0351782711558827	-3.837313501865311	kidney	pseudo-enriched	LAMB1
O75781	-0.010273941520942404	22.46017911626819	-3.0328519421893283	0.0053077134572956566	0.0351782711558827	-3.8409288036179943	kidney	decreased	PALM
P47985	-0.015783430633240832	20.929000750686082	-3.0327293762107814	0.0053093137321295085	0.0351782711558827	-3.8412157209268294	kidney	decreased	UQCRFS1
P27487	-0.020168515259459407	21.828815654370757	-3.032196520860581	0.005316276272242435	0.0351782711558827	-3.8424630272894404	kidney	decreased	DPP4
Q9Y2R0	-0.009801472470925096	22.55214954797988	-3.0299820850877737	0.005345304499931118	0.035258775108378444	-3.847645420859653	kidney	decreased	COA3
Q8NBJ4	-0.008643732387181587	21.753621493761393	-3.0223018812649585	0.005447156573887285	0.03551921463978142	-3.865604806717543	kidney	decreased	GOLM1
P02730	-0.016594721295234552	21.162740109425055	-3.021885236074982	0.005452734528632155	0.03551921463978142	-3.866578448041661	kidney	decreased	SLC4A1
Q9BY67	-0.020326053742617128	21.079644235122544	-3.0158884395628953	0.005533623677153602	0.0355600200320069	-3.8805847813509224	kidney	decreased	CADM1
P62829	0.014734820244887502	22.085974167188592	3.015301253415931	0.0055416052300194625	0.0355600200320069	-3.881955495585406	kidney	pseudo-enriched	RPL23
Q92734	-0.010374181249634589	18.45784665054427	-3.0130903743990247	0.0055717559400780435	0.0355600200320069	-3.8871153376548904	kidney	decreased	TFG
Q9UEE9	-0.017801326734157803	21.487928384473488	-3.0130542232693647	0.005572250244564986	0.0355600200320069	-3.8871996931110626	kidney	decreased	CFDP1
O00429	-0.008328527253410259	22.532976696509085	-3.012630842494683	0.005578042357961867	0.0355600200320069	-3.888187577314281	kidney	decreased	DNM1L
Q9Y2U8	-0.006922129756430809	21.437185942424367	-3.0096663894634577	0.005618758858302882	0.03571071359486725	-3.8951026775278663	kidney	decreased	LEMD3
O14776	-0.005482172896383683	20.125190549185625	-2.99982422418276	0.005755979347147778	0.036295603534746604	-3.918036976943391	kidney	decreased	TCERG1
O60238	-0.011362359161610677	22.840671429640143	-2.999217437984091	0.0057645427985848026	0.036295603534746604	-3.919449691646511	kidney	decreased	BNIP3L
Q93045	-0.02034269870691881	25.42742465748584	-2.9981089443871003	0.005780218066509143	0.036295603534746604	-3.9220301094921775	kidney	decreased	STMN2
P48681	-0.017935583760527354	22.60471552758193	-2.9852621853578363	0.0059648692680295545	0.037342939040268856	-3.9519007584676156	kidney	decreased	NES
P53007	-0.01859750384782413	22.688812740870784	-2.9830908033094232	0.005996628551204413	0.03742970238975651	-3.9569431946862923	kidney	decreased	SLC25A1
O00592	-0.018089943134577267	23.941824785798662	-2.9817186934695425	0.006016780294822433	0.037443713084743174	-3.960128590725852	kidney	decreased	PODXL
P20645	0.011630383129319941	22.505770630509357	2.975987994222436	0.006101643546810876	0.037747149870951305	-3.9734246124422548	kidney	pseudo-enriched	M6PR
P43487	-0.015613227669152772	22.453638973764928	-2.9721068840631752	0.006159762129790626	0.03799428499525723	-3.982422001449141	kidney	decreased	RANBP1
P62266	0.011944715691567968	22.598740401717556	2.9562927093397753	0.006402059944556069	0.03925720628758574	-4.019021705874305	kidney	pseudo-enriched	RPS23
Q8NHG7	-0.00943762116088731	21.978964959806124	-2.9513508121222882	0.00647961594830087	0.03950109897346099	-4.030438665372751	kidney	decreased	SVIP
P04179	0.014456751799964706	23.893549486737633	2.94297281124793	0.006613138761568195	0.04015612691144559	-4.04977153588814	kidney	pseudo-enriched	SOD2
P02647	-0.03037591246965935	24.496633115410248	-2.9422070179030886	0.0066254728763504205	0.04015612691144559	-4.051537257925009	kidney	decreased	APOA1
P61289	0.011748704903728995	20.604930346596525	2.931021716894493	0.0068081337965083715	0.040933727979748966	-4.0773007561327645	kidney	pseudo-enriched	PSME3
Q9Y371	0.006748095290854941	19.702281402278413	2.9307578551843734	0.006812499922024218	0.040933727979748966	-4.077907908066056	kidney	pseudo-enriched	SH3GLB1
P05997	0.02448529090287271	22.728968564434886	2.9241448420300777	0.00692279695284038	0.0413542649325516	-4.0931153856678035	kidney	pseudo-enriched	COL5A2
P09661	-0.01279197198306533	22.923133888000052	-2.923096664487391	0.00694043401249402	0.0413542649325516	-4.0955241744879	kidney	decreased	SNRPA1
P08473	-0.02224749559403227	22.359668888670537	-2.9186109009106684	0.007016395735566125	0.04140670313270717	-4.105827733494264	kidney	decreased	MME
Q13113	-0.025377621042952374	25.629187114178553	-2.91782222008899	0.007029832430469175	0.04140670313270717	-4.107638442998406	kidney	decreased	PDZK1IP1
O75347	-0.023420539420313857	25.96102240375828	-2.9097819644747482	0.0071682125715345334	0.041890321312070176	-4.126083318171328	kidney	decreased	TBCA
P63208	-0.011904628533685601	21.509376458375264	-2.909561694386932	0.007172039708140183	0.041890321312070176	-4.12658825945431	kidney	decreased	SKP1
Q9P035	0.011617966563101295	19.8024321158318	2.9060874060564976	0.007232661274441603	0.042126726253084654	-4.134549989034987	kidney	pseudo-enriched	HACD3
P13716	-0.014654495440905727	21.752357137210556	-2.902947328599642	0.007287868676125208	0.04232082867558558	-4.141741563847307	kidney	decreased	ALAD
Q15365	-0.008467892195534543	20.637147416299644	-2.8999779673185997	0.007340441632597606	0.04232082867558558	-4.148538415972146	kidney	decreased	PCBP1
Q8WW12	-0.015070134919233659	21.843329572603153	-2.899612084872361	0.0073469444329208825	0.04232082867558558	-4.149375667056761	kidney	decreased	PCNP
Q9UHG0	-0.00867308531842799	21.788134734084302	-2.889953289693384	0.0075205953557462655	0.043202101343036925	-4.171457906804551	kidney	decreased	DCDC2
O76070	-0.014621566906313619	21.887868393169608	-2.8887738456525045	0.00754206427775584	0.04320672987613003	-4.174151736425081	kidney	decreased	SNCG
P63218	-0.009203084977024047	23.758298344794735	-2.884348432864613	0.007623136465141658	0.04345258245962206	-4.184254138942835	kidney	decreased	GNG5
Q13126	0.00987175475975306	20.09369935712836	2.8835082577663584	0.007638621068830351	0.04345258245962206	-4.186171181824944	kidney	pseudo-enriched	MTAP
O43516	-0.012243991397051924	20.809178353423	-2.8830368620296647	0.007647322020631715	0.04345258245962206	-4.187246645063407	kidney	decreased	WIPF1
P05026	-0.011969769269393459	24.122126515726663	-2.8758512577938093	0.007781119238011774	0.0440502575901714	-4.203628699301808	kidney	decreased	ATP1B1
O00264	-0.018085008429107034	22.187146092253535	-2.8732402298397	0.007830283224371555	0.0440502575901714	-4.209576075101499	kidney	decreased	PGRMC1
P02775	-0.01773027200286571	21.23753969471542	-2.8728254145043994	0.007838120924794087	0.0440502575901714	-4.210520674141113	kidney	decreased	PPBP
Q9GZZ9	0.01001148382427243	19.059592753199006	2.872160523994951	0.007850699132110565	0.0440502575901714	-4.212034582383847	kidney	pseudo-enriched	UBA5
P43121	0.014671910462583912	22.355460730882108	2.8717834355520857	0.007857841263096094	0.0440502575901714	-4.2128931032605825	kidney	pseudo-enriched	MCAM
P47914	-0.021324338047890353	25.246956157275488	-2.869539512399747	0.007900468847805445	0.04417080310363953	-4.218000627413334	kidney	decreased	RPL29
P17936	-0.00652139992245154	23.349514305130846	-2.8591684668713713	0.008100342583486913	0.045167510245523027	-4.2415791702854575	kidney	decreased	IGFBP3
P09493	0.014882024197919334	25.113744823509624	2.8567723364937487	0.008147196329708662	0.04522454031393798	-4.247020292342174	kidney	pseudo-enriched	TPM1
P56181	-0.017461517488054367	24.929367774096036	-2.8548040710072984	0.008185875088116839	0.04522454031393798	-4.25148799726276	kidney	decreased	NDUFV3
Q9BYF1	-0.01437153485715443	19.555685956808606	-2.8544253695206114	0.00819333689666777	0.04522454031393798	-4.252347411193621	kidney	decreased	ACE2
P21796	-0.017953094528391136	22.703601467054867	-2.8542353647526073	0.008197083108073886	0.04522454031393798	-4.2527785794107	kidney	decreased	VDAC1
P35555	0.017470094374630162	24.510038460817945	2.8503389210378973	0.008274264751037787	0.04543441570974583	-4.261617193929325	kidney	pseudo-enriched	FBN1
P0DMV9	0.013114088887031704	21.322613092302475	2.849953166327291	0.00828194310023566	0.04543441570974583	-4.262491880308561	kidney	pseudo-enriched	HSPA1A
P0DMV9	0.013114088887031704	21.322613092302475	2.849953166327291	0.00828194310023566	0.04543441570974583	-4.262491880308561	kidney	pseudo-enriched	HSPA1B
P98082	-0.014287127098724265	22.82435634183253	-2.8437345702985253	0.00840665512884349	0.04589638609506981	-4.276583579445793	kidney	decreased	DAB2
P34897	0.009535048522705704	22.095670824871974	2.8381194778647227	0.008520785563481629	0.046398340138646056	-4.289293483800041	kidney	pseudo-enriched	SHMT2
P61204	-0.016521958714987985	20.93891276412107	-2.835555657291393	0.008573381853113338	0.046474430515201115	-4.295092255535943	kidney	decreased	ARF3
P27797	0.010928346664769235	22.793804344152523	2.835272428816688	0.008579210989415414	0.046474430515201115	-4.29573267972302	kidney	pseudo-enriched	CALR
Q9NZP8	-0.005138787740548477	21.462576624988067	-2.8252113843615003	0.00878872050278846	0.04726233826303157	-4.318459845349812	kidney	decreased	C1RL
P40227	0.010213454016342887	20.309747646308104	2.8230870098473844	0.008833570966877926	0.04732139470214576	-4.323253056319999	kidney	pseudo-enriched	CCT6A
Q32MZ4	-0.01413116768626299	22.645339951427413	-2.821870965160867	0.008859341544496002	0.04732139470214576	-4.3259959286258525	kidney	decreased	LRRFIP1
P62750	0.008871275247015455	24.494128660965433	2.8213055951151413	0.008871347069938373	0.04732139470214576	-4.327270941080684	kidney	pseudo-enriched	RPL23A
P10636	-0.024155116867482476	21.3982369773514	-2.817916284511647	0.008943640708989719	0.04743274959304042	-4.334911542814611	kidney	decreased	MAPT
P12814	0.012400004979335159	19.667554848325487	2.8159653285902104	0.00898550591624208	0.04743274959304042	-4.3393073625213265	kidney	pseudo-enriched	ACTN1
P22695	0.013888340728672524	21.470247281356887	2.815317105891689	0.00899945685163989	0.04743274959304042	-4.340767546422711	kidney	pseudo-enriched	UQCRC2
Q13542	-0.01716575145422296	19.981613388004973	-2.815029926892968	0.009005643992557173	0.04743274959304042	-4.341414386183221	kidney	decreased	EIF4EBP2
P42126	-0.017488247702902256	20.877591981946438	-2.808073339865941	0.009156751146165019	0.04810745388600767	-4.357072352919844	kidney	decreased	ECI1
P61224	-0.0177729760873619	22.977839666466938	-2.79389709674585	0.009472104579069402	0.049536331530446794	-4.388914742153718	kidney	decreased	RAP1B
Q13464	0.006713876124186215	22.29932579908198	2.7932667974190357	0.009486360484200124	0.049536331530446794	-4.39032845299309	kidney	pseudo-enriched	ROCK1
B1AK53	-0.016935601660563286	21.43813854203291	-2.7926702944502657	0.00949987059752418	0.049536331530446794	-4.391666199686949	kidney	decreased	ESPN
Q96K17	-0.013361412949451028	22.19024707099295	-2.7916296181622693	0.00952348411058805	0.049536331530446794	-4.393999694688097	kidney	decreased	BTF3L4
P59998	0.02729629680732896	22.541910731729736	4.608073462948513	8.924628340812666e-5	0.009285863297464607	0.12652570341827563	liver	pseudo-enriched	ARPC4
Q96A49	-0.01826879572972026	21.633192942951716	-4.5669231410266775	9.961934325588109e-5	0.009894012046095461	0.01720008324549127	liver	decreased	SYAP1
P09497	-0.01448493028523431	25.915225536216173	-4.485950309392393	1.236646675356977e-4	0.010590536555727484	-0.19756515972748367	liver	decreased	CLTB
Q9NZN3	-0.027128740423429432	20.674627164613774	-4.4644934177724185	1.3095184759637893e-4	0.010590536555727484	-0.2543884260838505	liver	decreased	EHD3
P62072	-0.024501694135633384	22.642195265345077	-4.426934659143752	1.4474979542779213e-4	0.010590536555727484	-0.35375813456660854	liver	decreased	TIMM10
P55769	0.011040986485038427	21.314743720042166	4.374085051843098	1.6664373200704494e-4	0.010846268125216002	-0.49336421618834336	liver	pseudo-enriched	SNU13
P55196	-0.014312991580361149	22.273790300303208	-4.329659135210416	1.8756926545384682e-4	0.011709681286190151	-0.6105058538084425	liver	decreased	AFDN
Q9H0B6	0.019280607979081984	23.75388705459846	4.312796339399313	1.9617724244178032e-4	0.011906868742646943	-0.6549155452569275	liver	pseudo-enriched	KLC2
Q14011	-0.022658892021508826	22.23402225960026	-4.250965274746664	2.312259088734426e-4	0.01278828308318967	-0.8174837338910583	liver	decreased	CIRBP
Q15274	0.03544195577244175	22.964091854167602	4.23683672608296	2.4006754594241967e-4	0.01278828308318967	-0.8545688575933541	liver	pseudo-enriched	QPRT
Q9Y694	-0.01880554561208344	23.228500479088137	-4.226168920600304	2.4696449263592225e-4	0.01278828308318967	-0.8825541704881061	liver	decreased	SLC22A7
E9PAV3	-0.017175591653301108	23.03837614532487	-4.221103093537817	2.5030798264921624e-4	0.01278828308318967	-0.8958387082433932	liver	decreased	NA
P36543	0.026177773586839644	23.176992318961606	4.211225947228924	2.5695634057787376e-4	0.01278828308318967	-0.921731255440597	liver	pseudo-enriched	ATP6V1E1
P04839	0.02120458389381254	22.73136846504803	4.21039802932631	2.575214900047348e-4	0.01278828308318967	-0.923901058389645	liver	pseudo-enriched	CYBB
Q9UMX0	-0.025113533438791483	19.963400826011135	-4.172963860238709	2.844010979832823e-4	0.013513323240564402	-1.021917378359614	liver	decreased	UBQLN1
Q96EX1	0.013510290317897902	23.744686295961507	4.172844604971751	2.844910155908295e-4	0.013513323240564402	-1.0222293429907046	liver	pseudo-enriched	SMIM12
Q8TCJ2	0.01847018943007824	21.97161570296409	4.133223028939023	3.1597552485552067e-4	0.01399162653567079	-1.1257719120014817	liver	pseudo-enriched	STT3B
Q16181	0.014808109523648786	23.676221228048245	4.128236253906245	3.2017452026706614e-4	0.01399162653567079	-1.138788658079406	liver	pseudo-enriched	SEPTIN7
O43488	0.015679648050453014	22.76266537962879	4.083226047234552	3.6065566845560015e-4	0.014907338426849123	-1.2561178428120234	liver	pseudo-enriched	AKR7A2
P20674	-0.027329437447818745	22.92715462144504	-4.082240065968384	3.615967673331824e-4	0.014907338426849123	-1.2586847553355733	liver	decreased	COX5A
Q9NX40	-0.026648819867291635	24.65340548987814	-4.064535821113147	3.789134637528905e-4	0.015309877975716051	-1.3047516821824363	liver	decreased	OCIAD1
Q5BJF2	0.014967473940749489	19.83850091070479	4.058133968566998	3.853745028212278e-4	0.015309877975716051	-1.3213979531025428	liver	pseudo-enriched	TMEM97
Q9NVS9	-0.01629716604354265	23.504519233773568	-4.046183106084359	3.9772793670064555e-4	0.015388952006158935	-1.3524562986563735	liver	decreased	PNPO
P56211	-0.0148516012163423	23.746789811133507	-4.0426082470067835	4.0149851626000276e-4	0.015388952006158935	-1.3617425354619828	liver	decreased	ARPP19
O75347	-0.029156198466223762	27.044215191093276	-4.034307547267658	4.1039013529350937e-4	0.015388952006158935	-1.3832972575028162	liver	decreased	TBCA
Q96NU7	0.011351775581462607	22.486746208511985	4.029583453667789	4.1553691915944033e-4	0.015388952006158935	-1.3955597046940085	liver	pseudo-enriched	AMDHD1
Q02818	-0.01284978992627125	24.815765764238787	-4.003243806641077	4.4542112087495473e-4	0.016220752485196267	-1.4638657228712315	liver	decreased	NUCB1
Q9P0K7	0.017521679065137238	18.603412771380203	3.9718137752306624	4.838603705549953e-4	0.016885042891236306	-1.5452260434963376	liver	pseudo-enriched	RAI14
Q14157	-0.010224254306273245	21.971158849237938	-3.969670501140454	4.8659745649182456e-4	0.016885042891236306	-1.5507682232735096	liver	decreased	UBAP2L
Q15691	-0.01160145165102088	21.140151720561136	-3.965555889739032	4.91894836250986e-4	0.016885042891236306	-1.5614058264685982	liver	decreased	MAPRE1
P11712	0.03382795273305443	22.242343676200726	3.9634919998751004	4.945733386906745e-4	0.016885042891236306	-1.5667405802054581	liver	pseudo-enriched	CYP2C9
Q14683	0.012954406858244779	21.415502287596322	3.947574724558952	5.157185560926957e-4	0.017101860260354734	-1.6078594271213689	liver	pseudo-enriched	SMC1A
P62937	-0.016290988207159175	23.552951724588716	-3.9469414825152014	5.165779300610583e-4	0.017101860260354734	-1.6094943786570113	liver	decreased	PPIA
Q96CS3	0.01913682304078511	21.04280599652186	3.9029097702867306	5.799174886078559e-4	0.018688534371794373	-1.7230075071219701	liver	pseudo-enriched	FAF2
O14561	-0.023303537962522602	25.31264030410627	-3.9017984400598866	5.816111383441727e-4	0.018688534371794373	-1.725868060514144	liver	decreased	NDUFAB1
Q13201	0.01798223260899214	20.133588655899604	3.8842174403183556	6.090599621245014e-4	0.01896216123918514	-1.7710916489311872	liver	pseudo-enriched	MMRN1
Q9UKY7	-0.023324946745524155	22.882271890592964	-3.8771864307264012	6.203900791529482e-4	0.01896216123918514	-1.7891617074892805	liver	decreased	CDV3
Q9Y2A7	0.014105602108600292	23.494143267083917	3.8740689242961643	6.254797832376703e-4	0.01896216123918514	-1.7971709435347876	liver	pseudo-enriched	NCKAP1
Q13620	0.011461733053503967	21.502190012435776	3.868184475292321	6.351988440949461e-4	0.01896216123918514	-1.812283865479361	liver	pseudo-enriched	CUL4B
Q12913	-0.01298890565738365	21.666372404800516	-3.865662559377651	6.394094240903569e-4	0.01896216123918514	-1.8187588823770113	liver	decreased	PTPRJ
Q9ULV4	0.01423854489179503	22.938425232251923	3.86400204258701	6.421967650799543e-4	0.01896216123918514	-1.8230216091006541	liver	pseudo-enriched	CORO1C
Q6IAN0	0.009908554741562728	19.72766621823374	3.8536571729062636	6.598322375295136e-4	0.01915220158966578	-1.849566353512187	liver	pseudo-enriched	DHRS7B
P13010	0.021405377980045853	23.312526610115047	3.8409639011895007	6.821215558346421e-4	0.01915220158966578	-1.8821093699976439	liver	pseudo-enriched	XRCC5
O95154	-0.015474198360749163	22.22468771979235	-3.8393491824524397	6.850094400969468e-4	0.01915220158966578	-1.8862469810619986	liver	decreased	AKR7A3
Q69YU5	-0.013099214192000398	23.95366261230463	-3.8373086040264144	6.886761272632075e-4	0.01915220158966578	-1.8914751136421337	liver	decreased	C12orf73
P61158	0.017021618555295454	19.987756792764607	3.8352142517564847	6.924594625096551e-4	0.01915220158966578	-1.8968401863203939	liver	pseudo-enriched	ACTR3
Q15424	-0.01644358817674713	22.125755647359423	-3.827000317225064	7.074952826488425e-4	0.019323464907346512	-1.9178735280951082	liver	decreased	SAFB
P07305	0.022633584599984314	26.804980538674563	3.810988181243634	7.377321062919746e-4	0.019892354598897717	-1.9588378453006996	liver	pseudo-enriched	H1-0
Q13464	0.016246809084784694	21.442467645427534	3.7990743385550867	7.610483884456715e-4	0.020034828057274606	-1.9892845607356202	liver	pseudo-enriched	ROCK1
O60493	0.011816339275738151	22.039420021432278	3.785541022197281	7.88410938480145e-4	0.020508070244989487	-2.0238355209703656	liver	pseudo-enriched	SNX3
Q9BXV9	-0.030844139886444005	22.2835646554164	-3.7520595612364893	8.603145668293731e-4	0.022115145041437415	-2.1091541782887164	liver	decreased	GON7
O43143	-0.01419855263241301	23.359943555774557	-3.7415635537830276	8.841493862625157e-4	0.0224635628951581	-2.135852523438257	liver	decreased	DHX15
Q9BTT0	0.012243033541766948	22.384523931873524	3.7263007937772405	9.199656716317571e-4	0.02284232946040215	-2.174634266198197	liver	pseudo-enriched	ANP32E
P01024	0.014412302347579828	21.26556576836311	3.713219911333024	9.517882234545955e-4	0.023321787256570015	-2.207832240242256	liver	pseudo-enriched	C3
Q9NZB2	-0.012021681295309368	23.477622333531563	-3.7096642128406794	9.606228160600922e-4	0.023321787256570015	-2.2168498414755966	liver	decreased	FAM120A
P07108	-0.027219909335802206	28.608567272470992	-3.702850482496322	9.777769898149406e-4	0.023359267774264916	-2.2341224231687553	liver	decreased	DBI
P10636	0.011345266237509137	21.53339120764025	3.7005844069120757	9.835481168111544e-4	0.023359267774264916	-2.239864596175373	liver	pseudo-enriched	MAPT
P23141	-0.013051480773084337	24.51252501077938	-3.6921710762569764	0.0010052674756860665	0.02360568011964669	-2.2611738476476075	liver	decreased	CES1
P31930	0.018982606948523738	22.083347476304244	3.6882571886279556	0.0010155304033166081	0.02360568011964669	-2.271081588767289	liver	pseudo-enriched	UQCRC1
O60784	-0.010619798275534638	22.75500844274308	-3.6698859846075	0.001065087106376271	0.023913697566684818	-2.317541312020791	liver	decreased	TOM1
P05089	-0.01562273683221564	22.72481667395891	-3.6667650646827754	0.0010737373528390095	0.023913697566684818	-2.3254263878119232	liver	decreased	ARG1
P55145	-0.013149236209754448	22.66761067659404	-3.6659446009841963	0.0010760227948771468	0.023913697566684818	-2.327498941567505	liver	decreased	MANF
Q6NUK1	0.02052155949264079	22.53029986239723	3.658136506510318	0.0010980116762719996	0.023913697566684818	-2.3472151170863578	liver	pseudo-enriched	SLC25A24
P04196	-0.02354684109462781	21.678462510231437	-3.6559334278686375	0.0011042948577056602	0.023913697566684818	-2.35277558084322	liver	decreased	HRG
P30046	-0.026000348782643203	24.715329591421526	-3.6548081880077556	0.00110751757011552	0.023913697566684818	-2.3556152027455903	liver	decreased	DDT
Q01581	0.011886439785227276	21.816613724259476	3.6518609949873935	0.001116001972027192	0.023913697566684818	-2.363051274101342	liver	pseudo-enriched	HMGCS1
Q14789	0.014909771179175	21.218986068396163	3.648931727238686	0.0011244976218461572	0.023913697566684818	-2.3704401383843834	liver	pseudo-enriched	GOLGB1
O00115	-0.01516048880145991	24.371331480044088	-3.647976432577004	0.0011272818532579113	0.023913697566684818	-2.3728493718207	liver	decreased	DNASE2
P10632	0.022130633534437755	22.1055381949923	3.641657981288529	0.0011458672886504523	0.02407423101635806	-2.3887790624038283	liver	pseudo-enriched	CYP2C8
Q7Z4V5	-0.01013622151831542	23.120764023506474	-3.6256314477628853	0.0011943597239655265	0.0248079549644808	-2.4291424774332118	liver	decreased	HDGFL2
Q14515	0.015978195104726766	20.69250415921959	3.619080693627293	0.0012147519479732323	0.0248079549644808	-2.4456234222245925	liver	pseudo-enriched	SPARCL1
Q9UJS0	0.018585165967827444	20.98816854241293	3.6190488822252815	0.0012148517991759477	0.0248079549644808	-2.4457034312952155	liver	pseudo-enriched	SLC25A13
P08571	0.024014178751292456	23.35531923582145	3.598215898459751	0.0012819915178186024	0.02539496832243619	-2.4980487833468388	liver	pseudo-enriched	CD14
P00558	0.010975592785257459	23.654493399040767	3.598115607850217	0.001282323317646867	0.02539496832243619	-2.4983005235671714	liver	pseudo-enriched	PGK1
Q14966	-0.01652850588271581	20.561210993323236	-3.595775937673034	0.0012900876356020216	0.02539496832243619	-2.5041726577905523	liver	decreased	ZNF638
P56182	0.009196857253168825	21.699158157360227	3.5838930295279776	0.0013302342122950305	0.025951444230934304	-2.533976029274685	liver	pseudo-enriched	RRP1
P07858	-0.013257580184584524	23.47766870900743	-3.569890613105252	0.001379104878714329	0.02650486048235678	-2.5690509714133336	liver	decreased	CTSB
P46109	-0.015355914124957641	20.593469315131827	-3.5688341313561787	0.001382862286036006	0.02650486048235678	-2.5716954126327947	liver	decreased	CRKL
P63241	-0.012237456427226207	23.844202619606996	-3.5511274812722013	0.0014473397795473195	0.027233036434463533	-2.6159749270177732	liver	decreased	EIF5A
P02100	0.017125936516136767	21.987392141335476	3.5505909734312335	0.0014493384118105916	0.027233036434463533	-2.6173153618177336	liver	pseudo-enriched	HBE1
P68366	-0.02181201404721679	22.36853991340338	-3.545770355410106	0.0014674173573070736	0.027233036434463533	-2.6293561512724812	liver	decreased	TUBA4A
P19338	-0.01031101614715241	25.04236928909428	-3.5448989899946133	0.0014707086037833853	0.027233036434463533	-2.631531994427392	liver	decreased	NCL
Q9Y3X0	-0.010637372027963799	21.691371020745933	-3.5412022397588947	0.0014847516902585175	0.027262037337940005	-2.640760827254809	liver	decreased	CCDC9
P47813	0.011012374455053302	23.388007523829113	3.5371042010155245	0.0015004716316817566	0.027321087626871982	-2.650987411310692	liver	pseudo-enriched	EIF1AX
P07339	-0.01429382549612681	21.990718884858328	-3.5328591545206676	0.0015169261560154744	0.027392426866891004	-2.6615763399646397	liver	decreased	CTSD
Q14151	-0.012147197964917658	21.70873780217873	-3.5219372076119093	0.0015600721242707883	0.02794063599616125	-2.6887990476240162	liver	decreased	SAFB2
Q9H788	-0.008459063114161404	22.267344690909496	-3.518214581642645	0.001575048785963695	0.027979525181550193	-2.6980705898092507	liver	decreased	SH2D4A
P30044	-0.019856203159265114	22.88754929013507	-3.5124984776375765	0.001598317910044142	0.028163908334245567	-2.712300084865582	liver	decreased	PRDX5
Q96EI5	-0.01018008730363968	22.645263710468072	-3.5055346324763055	0.0016271180465317046	0.028442023453374196	-2.729624179347052	liver	decreased	TCEAL4
P51648	0.017474031773576898	20.525216346146237	3.495740722797773	0.0016684771192975512	0.02862315805629117	-2.753967189366014	liver	pseudo-enriched	ALDH3A2
P36021	0.013012063691575574	23.054794193088284	3.495472736113022	0.001669623044264038	0.02862315805629117	-2.7546329222478985	liver	pseudo-enriched	SLC16A2
Q8TCT9	0.032917073873923106	22.332915058906092	3.493803044894883	0.0016767799685149976	0.02862315805629117	-2.758780344303611	liver	pseudo-enriched	HM13
P19652	-0.023025098182793725	24.51433766978365	-3.48363149949202	0.001721026975029265	0.02915072822045693	-2.7840299545866456	liver	decreased	ORM2
P15531	0.009199854643540287	23.792698828543724	3.4733222626939204	0.0017670289649473476	0.02925214921054247	-2.809593223627304	liver	pseudo-enriched	NME1
Q9H444	-0.008597374702769636	23.288661805154728	-3.472889908283959	0.0017689840727125412	0.02925214921054247	-2.8106646873278	liver	decreased	CHMP4B
P14866	0.01342429503272601	23.36741752851117	3.468588141192637	0.0017885513901552638	0.02925214921054247	-2.8213226145362933	liver	pseudo-enriched	HNRNPL
P63220	-0.01411938165072982	25.739159773820912	-3.4664284011776947	0.0017984543727045871	0.02925214921054247	-2.8266716381898167	liver	decreased	RPS21
P18206	0.014543920389931199	23.04314725512484	3.460715954424493	0.0018249046201793929	0.02925214921054247	-2.8408135566544344	liver	pseudo-enriched	VCL
Q00688	-0.020756365682750546	25.25350823585359	-3.45875684702062	0.0018340624589613056	0.02925214921054247	-2.8456615466880706	liver	decreased	FKBP3
Q12983	0.008159966413989526	22.435127911906132	3.4587453251897604	0.0018341164493566675	0.02925214921054247	-2.8456900554217333	liver	pseudo-enriched	BNIP3
Q9BXK5	-0.01349944170091127	21.701652948984798	-3.449644920460603	0.0018772452530271193	0.029723049839596057	-2.868196085368588	liver	decreased	BCL2L13
P61626	0.016085578846367035	22.033274111636953	3.4463092713710926	0.0018932986519353146	0.029751633139942762	-2.876439734017053	liver	pseudo-enriched	LYZ
P40227	0.015212596869395285	21.614936507979476	3.44363129900301	0.0019062831302480488	0.029751633139942762	-2.8830558012923655	liver	pseudo-enriched	CCT6A
P40763	-0.007924296284930564	20.850776034385827	-3.440131893959418	0.001923380615595978	0.029805579043100792	-2.8916982804452047	liver	decreased	STAT3
P50990	0.013122704938864938	22.339389084281365	3.435670513290535	0.0019453938427761162	0.029934405256801504	-2.9027116409977642	liver	pseudo-enriched	CCT8
Q9P270	-0.007529598292958097	22.122476012692402	-3.4301369648701785	0.0019730368106759158	0.02999497597724876	-2.9163640804937083	liver	decreased	SLAIN2
Q969E4	0.013990731457162092	22.55911259841184	3.4271896871402765	0.0019879149949456484	0.02999497597724876	-2.923632160577559	liver	pseudo-enriched	TCEAL3
Q9Y4W6	0.0359460041794169	23.193713197181182	3.426677176192498	0.001990513279954723	0.02999497597724876	-2.924895781289246	liver	pseudo-enriched	AFG3L2
P34897	0.013192482096108281	23.378565390717018	3.410483482637516	0.0020743264580382124	0.031010293360330884	-2.964784158955303	liver	pseudo-enriched	SHMT2
P13598	-0.02119319615681487	18.92552940814428	-3.404261590321671	0.002107429478929154	0.031010293360330884	-2.9800902587984357	liver	decreased	ICAM2
Q9BY43	-0.0086081785374112485	24.419670952000125	-3.4033396061591197	0.002112378126224923	0.031010293360330884	-2.9823574401996797	liver	decreased	CHMP4A
Q9Y6N5	0.01515843265236815	21.46860912297411	3.398792199443525	0.0021369508831415997	0.031010293360330884	-2.9935360782798357	liver	pseudo-enriched	SQOR
Q8TD47	0.00917247266683112	23.28846165697999	3.3969532338987234	0.0021469664620239835	0.031010293360330884	-2.998055028072942	liver	pseudo-enriched	RPS4Y2
Q5T2W1	-0.009467078332060933	21.939103011699714	-3.3939400176724503	0.0021634756801474065	0.031010293360330884	-3.0054574087737125	liver	decreased	PDZK1
Q9NQR4	-0.011170970200720188	25.186968143990754	-3.3934062388055515	0.002166413003917555	0.031010293360330884	-3.0067684385982822	liver	decreased	NIT2
P78344	-0.008651167382415392	22.54143851428443	-3.3878054352288607	0.002197467236013349	0.031010293360330884	-3.020519796585618	liver	decreased	EIF4G2
Q00587	-0.009799354755297186	22.058429117348545	-3.3872325515556607	0.0022006678266239007	0.031010293360330884	-3.0219258583824065	liver	decreased	CDC42EP1
P22626	-0.01086972357473825	24.99093807151225	-3.3831086352392696	0.002223840830416998	0.031010293360330884	-3.032044629705535	liver	decreased	HNRNPA2B1
Q9Y6K0	-0.009196178230930007	25.358988059000772	-3.378417284454818	0.00225048943517254	0.031010293360330884	-3.043549716965413	liver	decreased	CEPT1
P32969	-0.013688462535685375	20.98566213429817	-3.378368518697388	0.00225076805846723	0.031010293360330884	-3.0436692767604656	liver	decreased	RPL9
Q04323	0.014110701986225393	22.915387822521502	3.3775194255747976	0.00225562470666184	0.031010293360330884	-3.045750901294121	liver	pseudo-enriched	UBXN1
P21333	0.0137713470009947	22.264061784365147	3.3773518721710163	0.002256584276564124	0.031010293360330884	-3.046161648056753	liver	pseudo-enriched	FLNA
O75367	0.017862023164279577	21.461022699512515	3.3703617082192507	0.0022969703485640073	0.03128998611832043	-3.063290312305936	liver	pseudo-enriched	MACROH2A1
Q9BV40	-0.012646345197890957	22.90252007927083	-3.368887254947509	0.002305577924507821	0.03128998611832043	-3.0669014832694357	liver	decreased	VAMP8
O43312	-0.01619538652079686	19.660374409948552	-3.365743203972247	0.0023240365887540614	0.031345802138442125	-3.074599638317454	liver	decreased	MTSS1
Q765P7	-0.014653136291450193	21.163883964761105	-3.3606011060322283	0.002354534117509891	0.031562313170301295	-3.0871837207441066	liver	decreased	MTSS2
O43516	-0.013785864208735614	22.043891867133617	-3.346198056981996	0.0024420315568065855	0.03253560336355115	-3.1223902310626768	liver	decreased	WIPF1
P30622	-0.00823693683051167	21.889634342928183	-3.340562020727379	0.002477118413286344	0.032803052927458554	-3.1361500449672866	liver	decreased	CLIP1
Q13442	-0.01735697862204092	24.013757845629183	-3.3377537306215177	0.0024947825832422987	0.032837951472195315	-3.143002654391034	liver	decreased	PDAP1
Q9Y6C9	0.01798980032146224	22.624814340241308	3.3282650133613356	0.0025553712532028292	0.033434049031426244	-3.166138876362819	liver	pseudo-enriched	MTCH2
Q04917	-0.014477505477294378	22.07166809357464	-3.316007203611568	0.002635747635857595	0.03428040824017169	-3.1959866204025262	liver	decreased	YWHAH
Q99798	0.014981628458702803	22.379515773071514	3.313557985952582	0.0026520974947479297	0.0342889528167114	-3.2019449778568125	liver	pseudo-enriched	ACO2
P09496	-0.015777871840784392	26.645698920376677	-3.3073243369225143	0.0026941532635620206	0.034627793416958916	-3.217101662845833	liver	decreased	CLTA
P07355	0.015372679880861724	21.030962861491975	3.2998909355327064	0.00274514470293644	0.034891119352457096	-3.235159849335462	liver	pseudo-enriched	ANXA2
P08708	-0.018297682022812744	22.660124597370164	-3.299683949868069	0.002746577816303259	0.034891119352457096	-3.235662441949419	liver	decreased	RPS17
P51649	0.020924995914954794	22.233987998352358	3.294881146310874	0.002780034500521599	0.03511199643722366	-3.2473206551509515	liver	pseudo-enriched	ALDH5A1
P15927	-0.034432842890921043	22.765148967731665	-3.28492815751403	0.0028506233755368642	0.03578263537369474	-3.271457496457683	liver	decreased	RPA2
P13987	0.03149506605585812	25.34158476493134	3.2828073875414794	0.002865886128327954	0.03578263537369474	-3.2765965490302422	liver	pseudo-enriched	CD59
Q92820	0.013454376041067058	21.454224636225522	3.2681918705619024	0.0029732333569908193	0.0363307851708281	-3.3119744705976304	liver	pseudo-enriched	GGH
P84157	0.010767710121722347	22.280598722714522	3.2676866092674945	0.0029770128037762047	0.0363307851708281	-3.3131962871016984	liver	pseudo-enriched	MXRA7
Q9Y6L6	0.02026791182398777	21.298881670084103	3.267444519880394	0.002978825316277295	0.0363307851708281	-3.313781675958908	liver	pseudo-enriched	SLCO1B1
O43847	0.019706840837395757	21.82685647689279	3.266534019400186	0.002985651715639869	0.0363307851708281	-3.3159831627378233	liver	pseudo-enriched	NRDC
O00273	-0.012586814346738114	21.701582392193703	-3.265566105204722	0.0029929250941643287	0.0363307851708281	-3.3183231811552876	liver	decreased	DFFA
Q13522	-0.021280349732166463	22.631505437520758	-3.247327854143691	0.0031332092703883533	0.03782354837457763	-3.3623599613283925	liver	decreased	PPP1R1A
Q16595	-0.016440297962190095	24.473527169172204	-3.244773120708237	0.0031533581475513433	0.03785762391428398	-3.3685199285091567	liver	decreased	FXN
P63208	-0.01532098726507884	22.11537820363808	-3.238704892187383	0.003201718692008712	0.038080870340127	-3.383143187289499	liver	decreased	SKP1
Q96I23	-0.026282191309523258	21.798800292409677	-3.2380711637955453	0.0032068101339054315	0.038080870340127	-3.3846696637218034	liver	decreased	PYURF
Q9H1K4	0.01062837238744484	22.375801504743464	3.223450931680761	0.0033264568036034795	0.03908648762541699	-3.419849514374997	liver	pseudo-enriched	SLC25A18
Q13576	0.012770131455345765	21.156477901699898	3.2233532083267393	0.003327270800149913	0.03908648762541699	-3.4200844259920666	liver	pseudo-enriched	IQGAP2
P61960	-0.022961780305362202	22.848212494676936	-3.211996935279933	0.0034231797356779206	0.03999811616286768	-3.447361766470035	liver	decreased	UFM1
O14949	0.02826525762812605	23.100260587872167	3.196151529978218	0.0035614524007757343	0.04139241221114351	-3.4853505779490916	liver	pseudo-enriched	UQCRQ
P09467	-0.012257751581501119	23.258881314634102	-3.1870251244397787	0.003643511464469467	0.04212207698341685	-3.5071928047095495	liver	decreased	FBP1
P14927	-0.019861174755105907	23.693043463192176	-3.18054065341953	0.003702915920708358	0.042583533088146115	-3.52269507360195	liver	decreased	UQCRB
P62269	0.017922467327953336	22.970342898083054	3.1660698724609504	0.0038388539011152685	0.043915684680297704	-3.557238673438409	liver	pseudo-enriched	RPS18
P51858	-0.015615389001450061	25.435927191715642	-3.161820259117596	0.003879675761744868	0.0441515184344403	-3.5673694886333305	liver	decreased	HDGF
Q15738	0.012549099042784525	24.688337677618925	3.1596046906420248	0.0039011233634614465	0.04416556761224487	-3.5726488139316457	liver	pseudo-enriched	NSDHL
P40818	-0.011705222468603081	21.498524884241405	-3.155536986420286	0.003940796789963013	0.04419073802500511	-3.58233707800881	liver	decreased	USP8
P00748	0.009782706702697732	22.113436392569053	3.1539036817315904	0.003956835479977022	0.04419073802500511	-3.586225603685672	liver	pseudo-enriched	F12
Q08379	0.006491111427797877	21.34792250558848	3.152055251141667	0.0039750621602253075	0.04419073802500511	-3.5906251860524865	liver	pseudo-enriched	GOLGA2
P33121	-0.01587828511799696	22.13677737753402	-3.1511270609345794	0.003984245030172085	0.04419073802500511	-3.592833993640138	liver	decreased	ACSL1
P15374	0.01201970867853101	20.631265164169932	3.1483218872875134	0.0040121212533787524	0.04427517645774027	-3.59950763631376	liver	pseudo-enriched	UCHL3
P34913	-0.01672897763739357	20.36505777748579	-3.139606743818625	0.0040999251624558655	0.044914832409745586	-3.620223986365744	liver	decreased	EPHX2
P40222	0.014274624335718451	22.25468334289959	3.1385008709692928	0.004111197474576255	0.044914832409745586	-3.6228508164193753	liver	pseudo-enriched	TXLNA
Q9H3Q1	-0.021292444684665124	20.21234870452968	-3.126708431041538	0.004233260811131614	0.04601828294687849	-3.650835366586226	liver	decreased	CDC42EP4
Q96KC8	-0.011600845362363037	22.247046173315915	-3.1206184170510096	0.004297650134028252	0.04604416067427471	-3.6652684235669897	liver	decreased	DNAJC1
Q9NSY1	-0.014235507260914979	20.280475615293152	-3.120504838766916	0.004298859852426564	0.04604416067427471	-3.665537474785565	liver	decreased	BMP2K
P28070	-0.016322319883665583	21.19160359681208	-3.1157334381360253	0.004349975447265569	0.04636437245012326	-3.6768361436880115	liver	decreased	PSMB4
Q9NNW7	0.02132245711732826	20.294857164143338	3.108535374068695	0.004428190060827225	0.0469689091403276	-3.693865881698149	liver	pseudo-enriched	TXNRD2
Q96HE7	0.02363711042377317	21.94506686775278	3.104459102216376	0.004473078133891582	0.04704898094399402	-3.703501667637722	liver	pseudo-enriched	ERO1A
P24539	0.023402358309073498	23.13749210492069	3.102043031863425	0.004499889163124802	0.04704898094399402	-3.7092101503550667	liver	pseudo-enriched	ATP5PB
Q0VD83	0.01183433960730003	21.376401954808703	3.1020027645526915	0.004500337307686384	0.04704898094399402	-3.7093052728085922	liver	pseudo-enriched	APOBR
P06753	-0.013833412941671088	26.395050231539702	-3.0958236681231543	0.004569614257370565	0.0471336911359534	-3.7238951147079	liver	decreased	TPM3
Q15056	-0.02039320193025179	23.373320691458908	-3.0949514137518825	0.004579475317210995	0.0471336911359534	-3.7259535445083243	liver	decreased	EIF4H
O00584	-0.0141838650531498	23.629959652107843	-3.0935243658347673	0.0045956523612996885	0.0471336911359534	-3.729320639763369	liver	decreased	RNASET2
Q9H4M9	0.01471838954900899	21.70952479429142	3.090180891370343	0.004633768347759945	0.0471336911359534	-3.7372066402592337	liver	pseudo-enriched	EHD1
P22695	0.019915048437092565	21.132589232179885	3.0898328860049014	0.004637752972928242	0.0471336911359534	-3.73802722273183	liver	pseudo-enriched	UQCRC2
O00468	-0.012904176679628697	20.950379150548475	-3.088508706893952	0.0046529446575975025	0.0471336911359534	-3.7411491836707427	liver	decreased	AGRN
P41208	-0.012466369535430014	21.494377724930754	-3.0853004982628924	0.004689948457469831	0.0471336911359534	-3.7487104149639574	liver	decreased	CETN2
P37837	0.01109437407286263	22.89660229957431	3.08500594927966	0.004693359880382171	0.0471336911359534	-3.7494044329543783	liver	pseudo-enriched	TALDO1
P28288	0.017211133122289772	20.436451353906616	3.0820328383691726	0.004727927089204797	0.0471336911359534	-3.7564079345529873	liver	pseudo-enriched	ABCD3
Q02952	-0.011883141240054183	22.558611054579682	-3.0811909918578806	0.004737759037796428	0.0471336911359534	-3.7583904178284655	liver	decreased	AKAP12
P23588	-0.01574344119308359	22.85333403075976	-3.079589598630457	0.004756515724033982	0.0471336911359534	-3.762160864658224	liver	decreased	EIF4B
Q07955	-0.009675955977281119	24.19235853582021	-3.078272173607212	0.004771999556947835	0.0471336911359534	-3.765262015807261	liver	decreased	SRSF1
Q1KMD3	0.01342177808484672	21.49737527151468	3.07552540967763	0.004804437616753417	0.0471336911359534	-3.7717257271994518	liver	pseudo-enriched	HNRNPUL2
P46783	0.014791267113053884	24.268052539273935	3.0750190219796862	0.004810440788703711	0.0471336911359534	-3.7729170636671636	liver	pseudo-enriched	RPS10
Q92499	-0.019150543850708215	22.051296281269206	-3.0639711252832873	0.004943210223061212	0.04821836757762834	-3.7988852166162417	liver	decreased	DDX1
P28845	0.030546517526925006	22.52064340277869	3.061828429443271	0.004969362401334081	0.048258030430733186	-3.8039164572812023	liver	pseudo-enriched	HSD11B1
Q9Y490	0.011600031190813985	21.65238396521452	3.0587311379721984	0.005007399323517372	0.04841224567205954	-3.8111861878358715	liver	pseudo-enriched	TLN1
P16615	0.023214101780252766	20.50464815006176	3.053155419554966	0.005076574783207009	0.04886482775906306	-3.8242641780866187	liver	pseudo-enriched	ATP2A2
P49773	-0.011638652469979083	23.600596424919505	-3.048792737894967	0.005131335808002347	0.04915532892815996	-3.8344889392210053	liver	decreased	HINT1
O95163	-0.01660093067724815	20.315195291627322	-3.0438961779843683	0.005193469563510176	0.04915532892815996	-3.845956528568167	liver	decreased	ELP1
P04731	0.02579871996339823	24.862995316252942	3.042924771634736	0.005205881042844694	0.04915532892815996	-3.8482304711738333	liver	pseudo-enriched	MT1A
Q9P0L0	-0.007737499813156411	23.106276904619133	-3.0423244178752187	0.005213565796686743	0.04915532892815996	-3.849635649552088	liver	decreased	VAPA
P26440	0.010175987723384051	22.129294967011184	3.04188178562266	0.005219238586422477	0.04915532892815996	-3.8506715814419463	liver	pseudo-enriched	IVD
Q9NTZ6	-0.012901115215371002	20.701341785248825	-3.038415378157285	0.005263868268640708	0.049156411302159475	-3.85878179660467	liver	decreased	RBM12
Q16891	0.012054039851524746	22.197229127213987	3.0383782745240726	0.005264347938080237	0.049156411302159475	-3.858868582214562	liver	pseudo-enriched	IMMT
Q9UHV9	-0.01914566875757901	22.52278427946122	-3.0327507357137953	0.005337584521584002	0.04962817948791933	-3.8720254611126013	liver	decreased	PFDN2
P13010	0.017196433912949043	21.52813537703097	4.915749295751698	4.050947041377101e-5	0.03588023379491137	0.769176576929441	lung	pseudo-enriched	XRCC5
P0DOY2	0.0560861544536781	25.177896406299784	4.897149225715772	4.256255491685809e-5	0.03588023379491137	0.7197413957949053	lung	pseudo-enriched	NA
P78371	0.013086289777567123	21.90302667640158	4.62461443385252	8.78338267086386e-5	0.041705784707464194	-0.003209235416624878	lung	pseudo-enriched	CCT2
P30153	0.017958778957909427	22.382919822002783	4.573509470319542	1.0060629825068227e-4	0.041705784707464194	-0.13836667625807397	lung	pseudo-enriched	PPP2R1A
P02452	0.037375024358332475	25.003196930715095	4.438145839814849	1.4409733179192102e-4	0.041705784707464194	-0.4954822515186068	lung	pseudo-enriched	COL1A1
P05997	0.042929109189138635	22.716017889985977	4.422826887766905	1.5007083229747145e-4	0.041705784707464194	-0.5358050317387804	lung	pseudo-enriched	COL5A2
Q8IVM0	-0.01563438888876473	22.354377659774183	-4.368833387648173	1.7315568977001742e-4	0.041705784707464194	-0.6777603196574038	lung	decreased	CCDC50
P18077	0.03600836460205285	21.38614778785823	4.311513419622073	2.0152943060913747e-4	0.04247232750087572	-0.8281557592478048	lung	pseudo-enriched	RPL35A
Q99879	0.027771563864082104	25.34738537155581	4.242646899149659	2.4177388950131086e-4	0.044223245705672015	-1.0083902645396607	lung	pseudo-enriched	H2BC14
P51003	-0.011248286260569323	19.645103007764288	-4.211792920142258	2.6229683099449595e-4	0.044223245705672015	-1.0889654695802893	lung	decreased	PAPOLA
